#cloud,ms,km
1,aws-us-east-1,454,6721
1,aws-us-east-1,353,6721
1,aws-us-east-1,176,6721
1,aws-us-east-1,174,6721
1,aws-us-east-1,346,6721
1,aws-us-east-1,167,6721
1,aws-us-east-1,347,6721
1,aws-us-east-1,355,6721
1,aws-us-east-1,347,6721
1,aws-us-east-1,360,6721
1,aws-us-east-1,148,6721
1,aws-us-east-1,353,6721
1,aws-us-east-1,371,6721
1,aws-us-east-1,449,6721
1,aws-us-east-1,356,6721
1,aws-us-east-1,166,6721
1,aws-us-east-1,345,6721
1,aws-us-east-1,156,6721
1,aws-us-east-1,168,6721
1,aws-us-east-1,343,6721
1,aws-us-east-1,152,6721
1,aws-us-east-1,347,6721
1,aws-us-east-1,386,6721
1,aws-us-east-1,146,6721
1,aws-us-east-1,344,6721
1,aws-us-east-1,151,6721
1,aws-us-east-1,374,6721
1,aws-us-east-1,352,6721
1,aws-us-east-1,350,6721
1,aws-us-east-1,149,6721
1,aws-us-east-1,372,6721
1,aws-us-east-1,189,6721
1,aws-us-east-1,358,6721
1,aws-us-east-1,188,6721
1,aws-us-east-1,361,6721
1,aws-us-east-1,175,6721
1,aws-us-east-1,373,6721
1,aws-us-east-1,346,6721
1,aws-us-east-1,152,6721
1,aws-us-east-1,156,6721
1,aws-us-east-1,472,6721
1,aws-us-east-1,354,6721
1,aws-us-east-1,344,6721
1,aws-us-east-1,156,6721
1,aws-us-east-1,361,6721
1,aws-us-east-1,381,6721
1,aws-us-east-1,349,6721
1,aws-us-east-1,358,6721
1,aws-us-east-1,370,6721
1,aws-us-east-1,355,6721
1,aws-us-east-1,166,6721
1,aws-us-east-1,376,6721
1,aws-us-east-1,159,6721
1,aws-us-east-1,199,6721
1,aws-us-east-1,352,6721
1,aws-us-east-1,373,6721
1,aws-us-east-1,346,6721
1,aws-us-east-1,374,6721
1,aws-us-east-1,149,6721
1,aws-us-east-1,355,6721
1,aws-us-east-1,384,6721
1,aws-us-east-1,364,6721
1,aws-us-east-1,160,6721
1,aws-us-east-1,389,6721
1,aws-us-east-1,163,6721
1,aws-us-east-1,368,6721
1,aws-us-east-1,370,6721
1,aws-us-east-1,436,6721
1,aws-us-east-1,371,6721
1,aws-us-east-1,170,6721
1,aws-us-east-1,381,6721
1,aws-us-east-1,396,6721
1,aws-us-east-1,357,6721
1,aws-us-east-1,188,6721
1,aws-us-east-1,363,6721
1,aws-us-east-1,362,6721
1,aws-us-east-1,156,6721
1,aws-us-east-1,380,6721
1,aws-us-east-1,350,6721
1,aws-us-east-1,439,6721
1,aws-us-east-1,371,6721
1,aws-us-east-1,358,6721
1,aws-us-east-1,359,6721
1,aws-us-east-1,392,6721
1,aws-us-east-1,387,6721
1,aws-us-east-1,367,6721
1,aws-us-east-1,359,6721
1,aws-us-east-1,359,6721
1,aws-us-east-1,383,6721
1,aws-us-east-1,162,6721
1,aws-us-east-1,168,6721
1,aws-us-east-1,481,6721
1,aws-us-east-1,408,6721
1,aws-us-east-1,358,6721
1,aws-us-east-1,378,6721
1,aws-us-east-1,187,6721
1,aws-us-east-1,362,6721
1,aws-us-east-1,469,6721
1,aws-us-east-1,368,6721
1,aws-us-east-1,178,6721
1,aws-us-east-2,398,7225
1,aws-us-east-2,393,7225
1,aws-us-east-2,403,7225
1,aws-us-east-2,393,7225
1,aws-us-east-2,375,7225
1,aws-us-east-2,484,7225
1,aws-us-east-2,381,7225
1,aws-us-east-2,397,7225
1,aws-us-east-2,400,7225
1,aws-us-east-2,403,7225
1,aws-us-east-2,385,7225
1,aws-us-east-2,373,7225
1,aws-us-east-2,405,7225
1,aws-us-east-2,382,7225
1,aws-us-east-2,480,7225
1,aws-us-east-2,393,7225
1,aws-us-east-2,369,7225
1,aws-us-east-2,375,7225
1,aws-us-east-2,401,7225
1,aws-us-east-2,376,7225
1,aws-us-east-2,377,7225
1,aws-us-east-2,372,7225
1,aws-us-east-2,422,7225
1,aws-us-east-2,398,7225
1,aws-us-east-2,379,7225
1,aws-us-east-2,376,7225
1,aws-us-east-2,385,7225
1,aws-us-east-2,374,7225
1,aws-us-east-2,370,7225
1,aws-us-east-2,374,7225
1,aws-us-east-2,455,7225
1,aws-us-east-2,159,7225
1,aws-us-east-2,379,7225
1,aws-us-east-2,375,7225
1,aws-us-east-2,373,7225
1,aws-us-east-2,391,7225
1,aws-us-east-2,163,7225
1,aws-us-east-2,155,7225
1,aws-us-east-2,156,7225
1,aws-us-east-2,392,7225
1,aws-us-east-2,390,7225
1,aws-us-east-2,399,7225
1,aws-us-east-2,393,7225
1,aws-us-east-2,384,7225
1,aws-us-east-2,161,7225
1,aws-us-east-2,405,7225
1,aws-us-east-2,377,7225
1,aws-us-east-2,377,7225
1,aws-us-east-2,377,7225
1,aws-us-east-2,374,7225
1,aws-us-east-2,161,7225
1,aws-us-east-2,405,7225
1,aws-us-east-2,384,7225
1,aws-us-east-2,379,7225
1,aws-us-east-2,385,7225
1,aws-us-east-2,388,7225
1,aws-us-east-2,383,7225
1,aws-us-east-2,430,7225
1,aws-us-east-2,380,7225
1,aws-us-east-2,389,7225
1,aws-us-east-2,191,7225
1,aws-us-east-2,384,7225
1,aws-us-east-2,406,7225
1,aws-us-east-2,397,7225
1,aws-us-east-2,394,7225
1,aws-us-east-2,389,7225
1,aws-us-east-2,383,7225
1,aws-us-east-2,160,7225
1,aws-us-east-2,393,7225
1,aws-us-east-2,390,7225
1,aws-us-east-2,447,7225
1,aws-us-east-2,422,7225
1,aws-us-east-2,399,7225
1,aws-us-east-2,400,7225
1,aws-us-east-2,394,7225
1,aws-us-east-2,404,7225
1,aws-us-east-2,180,7225
1,aws-us-east-2,425,7225
1,aws-us-east-2,387,7225
1,aws-us-east-2,399,7225
1,aws-us-east-2,178,7225
1,aws-us-east-2,398,7225
1,aws-us-east-2,171,7225
1,aws-us-east-2,396,7225
1,aws-us-east-2,396,7225
1,aws-us-east-2,388,7225
1,aws-us-east-2,388,7225
1,aws-us-east-2,388,7225
1,aws-us-east-2,389,7225
1,aws-us-east-2,391,7225
1,aws-us-east-2,174,7225
1,aws-us-east-2,387,7225
1,aws-us-east-2,411,7225
1,aws-us-east-2,386,7225
1,aws-us-east-2,381,7225
1,aws-us-east-2,387,7225
1,aws-us-east-2,383,7225
1,aws-us-east-2,399,7225
1,aws-us-east-2,167,7225
1,aws-us-east-2,391,7225
2,aws-us-west-2,1048,8690
2,aws-us-west-2,587,8690
2,aws-us-west-2,253,8690
2,aws-us-west-2,234,8690
2,aws-us-west-2,580,8690
2,aws-us-west-2,614,8690
2,aws-us-west-2,577,8690
2,aws-us-west-2,600,8690
2,aws-us-west-2,224,8690
2,aws-us-west-2,576,8690
2,aws-us-west-2,575,8690
2,aws-us-west-2,569,8690
2,aws-us-west-2,229,8690
2,aws-us-west-2,225,8690
2,aws-us-west-2,575,8690
2,aws-us-west-2,599,8690
2,aws-us-west-2,569,8690
2,aws-us-west-2,228,8690
2,aws-us-west-2,591,8690
2,aws-us-west-2,585,8690
2,aws-us-west-2,585,8690
2,aws-us-west-2,226,8690
2,aws-us-west-2,618,8690
2,aws-us-west-2,590,8690
2,aws-us-west-2,584,8690
2,aws-us-west-2,583,8690
2,aws-us-west-2,594,8690
2,aws-us-west-2,570,8690
2,aws-us-west-2,571,8690
2,aws-us-west-2,269,8690
2,aws-us-west-2,608,8690
2,aws-us-west-2,581,8690
2,aws-us-west-2,651,8690
2,aws-us-west-2,593,8690
2,aws-us-west-2,591,8690
2,aws-us-west-2,263,8690
2,aws-us-west-2,587,8690
2,aws-us-west-2,590,8690
2,aws-us-west-2,580,8690
2,aws-us-west-2,608,8690
2,aws-us-west-2,599,8690
2,aws-us-west-2,229,8690
2,aws-us-west-2,572,8690
2,aws-us-west-2,586,8690
2,aws-us-west-2,578,8690
2,aws-us-west-2,579,8690
2,aws-us-west-2,586,8690
2,aws-us-west-2,617,8690
2,aws-us-west-2,232,8690
2,aws-us-west-2,583,8690
2,aws-us-west-2,577,8690
2,aws-us-west-2,626,8690
2,aws-us-west-2,582,8690
2,aws-us-west-2,588,8690
2,aws-us-west-2,613,8690
2,aws-us-west-2,310,8690
2,aws-us-west-2,237,8690
2,aws-us-west-2,590,8690
2,aws-us-west-2,569,8690
2,aws-us-west-2,594,8690
2,aws-us-west-2,590,8690
2,aws-us-west-2,223,8690
2,aws-us-west-2,575,8690
2,aws-us-west-2,599,8690
2,aws-us-west-2,708,8690
2,aws-us-west-2,598,8690
2,aws-us-west-2,588,8690
2,aws-us-west-2,586,8690
2,aws-us-west-2,237,8690
2,aws-us-west-2,582,8690
2,aws-us-west-2,245,8690
2,aws-us-west-2,589,8690
2,aws-us-west-2,239,8690
2,aws-us-west-2,570,8690
2,aws-us-west-2,611,8690
2,aws-us-west-2,578,8690
2,aws-us-west-2,584,8690
2,aws-us-west-2,263,8690
2,aws-us-west-2,239,8690
2,aws-us-west-2,599,8690
2,aws-us-west-2,603,8690
2,aws-us-west-2,595,8690
2,aws-us-west-2,254,8690
2,aws-us-west-2,617,8690
2,aws-us-west-2,268,8690
2,aws-us-west-2,594,8690
2,aws-us-west-2,239,8690
2,aws-us-west-2,248,8690
2,aws-us-west-2,605,8690
2,aws-us-west-2,591,8690
2,aws-us-west-2,604,8690
2,aws-us-west-2,595,8690
2,aws-us-west-2,618,8690
2,aws-us-west-2,654,8690
2,aws-us-west-2,626,8690
2,aws-us-west-2,263,8690
2,aws-us-west-2,622,8690
2,aws-us-west-2,614,8690
2,aws-us-west-2,606,8690
2,aws-us-west-2,599,8690
3,aws-us-west-1,567,9284
3,aws-us-west-1,635,9284
3,aws-us-west-1,572,9284
3,aws-us-west-1,557,9284
3,aws-us-west-1,536,9284
3,aws-us-west-1,547,9284
3,aws-us-west-1,559,9284
3,aws-us-west-1,1138,9284
3,aws-us-west-1,545,9284
3,aws-us-west-1,546,9284
3,aws-us-west-1,541,9284
3,aws-us-west-1,538,9284
3,aws-us-west-1,542,9284
3,aws-us-west-1,532,9284
3,aws-us-west-1,522,9284
3,aws-us-west-1,545,9284
3,aws-us-west-1,525,9284
3,aws-us-west-1,542,9284
3,aws-us-west-1,534,9284
3,aws-us-west-1,218,9284
3,aws-us-west-1,543,9284
3,aws-us-west-1,212,9284
3,aws-us-west-1,559,9284
3,aws-us-west-1,524,9284
3,aws-us-west-1,521,9284
3,aws-us-west-1,525,9284
3,aws-us-west-1,558,9284
3,aws-us-west-1,522,9284
3,aws-us-west-1,210,9284
3,aws-us-west-1,540,9284
3,aws-us-west-1,557,9284
3,aws-us-west-1,218,9284
3,aws-us-west-1,550,9284
3,aws-us-west-1,537,9284
3,aws-us-west-1,209,9284
3,aws-us-west-1,558,9284
3,aws-us-west-1,533,9284
3,aws-us-west-1,228,9284
3,aws-us-west-1,212,9284
3,aws-us-west-1,535,9284
3,aws-us-west-1,546,9284
3,aws-us-west-1,537,9284
3,aws-us-west-1,317,9284
3,aws-us-west-1,558,9284
3,aws-us-west-1,543,9284
3,aws-us-west-1,559,9284
3,aws-us-west-1,546,9284
3,aws-us-west-1,557,9284
3,aws-us-west-1,578,9284
3,aws-us-west-1,546,9284
3,aws-us-west-1,218,9284
3,aws-us-west-1,566,9284
3,aws-us-west-1,223,9284
3,aws-us-west-1,530,9284
3,aws-us-west-1,538,9284
3,aws-us-west-1,212,9284
3,aws-us-west-1,218,9284
3,aws-us-west-1,568,9284
3,aws-us-west-1,229,9284
3,aws-us-west-1,550,9284
3,aws-us-west-1,528,9284
3,aws-us-west-1,228,9284
3,aws-us-west-1,546,9284
3,aws-us-west-1,555,9284
3,aws-us-west-1,564,9284
3,aws-us-west-1,589,9284
3,aws-us-west-1,231,9284
3,aws-us-west-1,224,9284
3,aws-us-west-1,231,9284
3,aws-us-west-1,538,9284
3,aws-us-west-1,550,9284
3,aws-us-west-1,578,9284
3,aws-us-west-1,224,9284
3,aws-us-west-1,244,9284
3,aws-us-west-1,559,9284
3,aws-us-west-1,816,9284
3,aws-us-west-1,220,9284
3,aws-us-west-1,576,9284
3,aws-us-west-1,533,9284
3,aws-us-west-1,546,9284
3,aws-us-west-1,541,9284
3,aws-us-west-1,543,9284
3,aws-us-west-1,561,9284
3,aws-us-west-1,229,9284
3,aws-us-west-1,556,9284
3,aws-us-west-1,549,9284
3,aws-us-west-1,554,9284
3,aws-us-west-1,578,9284
3,aws-us-west-1,234,9284
3,aws-us-west-1,537,9284
3,aws-us-west-1,241,9284
3,aws-us-west-1,551,9284
3,aws-us-west-1,546,9284
3,aws-us-west-1,532,9284
3,aws-us-west-1,223,9284
3,aws-us-west-1,239,9284
3,aws-us-west-1,563,9284
3,aws-us-west-1,248,9284
3,aws-us-west-1,247,9284
3,aws-us-west-1,234,9284
4,aws-ca-central-1,426,5477
4,aws-ca-central-1,436,5477
4,aws-ca-central-1,407,5477
4,aws-ca-central-1,593,5477
4,aws-ca-central-1,396,5477
4,aws-ca-central-1,535,5477
4,aws-ca-central-1,160,5477
4,aws-ca-central-1,514,5477
4,aws-ca-central-1,193,5477
4,aws-ca-central-1,455,5477
4,aws-ca-central-1,385,5477
4,aws-ca-central-1,419,5477
4,aws-ca-central-1,441,5477
4,aws-ca-central-1,272,5477
4,aws-ca-central-1,410,5477
4,aws-ca-central-1,432,5477
4,aws-ca-central-1,162,5477
4,aws-ca-central-1,407,5477
4,aws-ca-central-1,534,5477
4,aws-ca-central-1,163,5477
4,aws-ca-central-1,602,5477
4,aws-ca-central-1,400,5477
4,aws-ca-central-1,450,5477
4,aws-ca-central-1,390,5477
4,aws-ca-central-1,389,5477
4,aws-ca-central-1,183,5477
4,aws-ca-central-1,474,5477
4,aws-ca-central-1,172,5477
4,aws-ca-central-1,394,5477
4,aws-ca-central-1,387,5477
4,aws-ca-central-1,427,5477
4,aws-ca-central-1,162,5477
4,aws-ca-central-1,387,5477
4,aws-ca-central-1,172,5477
4,aws-ca-central-1,390,5477
4,aws-ca-central-1,435,5477
4,aws-ca-central-1,402,5477
4,aws-ca-central-1,165,5477
4,aws-ca-central-1,389,5477
4,aws-ca-central-1,162,5477
4,aws-ca-central-1,406,5477
4,aws-ca-central-1,167,5477
4,aws-ca-central-1,160,5477
4,aws-ca-central-1,393,5477
4,aws-ca-central-1,398,5477
4,aws-ca-central-1,444,5477
4,aws-ca-central-1,386,5477
4,aws-ca-central-1,390,5477
4,aws-ca-central-1,173,5477
4,aws-ca-central-1,174,5477
4,aws-ca-central-1,389,5477
4,aws-ca-central-1,415,5477
4,aws-ca-central-1,399,5477
4,aws-ca-central-1,389,5477
4,aws-ca-central-1,430,5477
4,aws-ca-central-1,394,5477
4,aws-ca-central-1,392,5477
4,aws-ca-central-1,438,5477
4,aws-ca-central-1,392,5477
4,aws-ca-central-1,413,5477
4,aws-ca-central-1,173,5477
4,aws-ca-central-1,395,5477
4,aws-ca-central-1,168,5477
4,aws-ca-central-1,447,5477
4,aws-ca-central-1,391,5477
4,aws-ca-central-1,428,5477
4,aws-ca-central-1,188,5477
4,aws-ca-central-1,171,5477
4,aws-ca-central-1,394,5477
4,aws-ca-central-1,404,5477
4,aws-ca-central-1,419,5477
4,aws-ca-central-1,408,5477
4,aws-ca-central-1,174,5477
4,aws-ca-central-1,416,5477
4,aws-ca-central-1,417,5477
4,aws-ca-central-1,175,5477
4,aws-ca-central-1,401,5477
4,aws-ca-central-1,456,5477
4,aws-ca-central-1,418,5477
4,aws-ca-central-1,397,5477
4,aws-ca-central-1,395,5477
4,aws-ca-central-1,395,5477
4,aws-ca-central-1,188,5477
4,aws-ca-central-1,174,5477
4,aws-ca-central-1,440,5477
4,aws-ca-central-1,421,5477
4,aws-ca-central-1,444,5477
4,aws-ca-central-1,194,5477
4,aws-ca-central-1,416,5477
4,aws-ca-central-1,416,5477
4,aws-ca-central-1,186,5477
4,aws-ca-central-1,184,5477
4,aws-ca-central-1,421,5477
4,aws-ca-central-1,653,5477
4,aws-ca-central-1,416,5477
4,aws-ca-central-1,428,5477
4,aws-ca-central-1,407,5477
4,aws-ca-central-1,187,5477
4,aws-ca-central-1,191,5477
4,aws-ca-central-1,412,5477
5,aws-sa-east-1,769,9531
5,aws-sa-east-1,728,9531
5,aws-sa-east-1,963,9531
5,aws-sa-east-1,772,9531
5,aws-sa-east-1,704,9531
5,aws-sa-east-1,750,9531
5,aws-sa-east-1,722,9531
5,aws-sa-east-1,714,9531
5,aws-sa-east-1,707,9531
5,aws-sa-east-1,760,9531
5,aws-sa-east-1,721,9531
5,aws-sa-east-1,730,9531
5,aws-sa-east-1,737,9531
5,aws-sa-east-1,724,9531
5,aws-sa-east-1,702,9531
5,aws-sa-east-1,754,9531
5,aws-sa-east-1,868,9531
5,aws-sa-east-1,1203,9531
5,aws-sa-east-1,746,9531
5,aws-sa-east-1,740,9531
5,aws-sa-east-1,710,9531
5,aws-sa-east-1,270,9531
5,aws-sa-east-1,1111,9531
5,aws-sa-east-1,733,9531
5,aws-sa-east-1,705,9531
5,aws-sa-east-1,700,9531
5,aws-sa-east-1,748,9531
5,aws-sa-east-1,741,9531
5,aws-sa-east-1,708,9531
5,aws-sa-east-1,705,9531
5,aws-sa-east-1,739,9531
5,aws-sa-east-1,1223,9531
5,aws-sa-east-1,293,9531
5,aws-sa-east-1,706,9531
5,aws-sa-east-1,728,9531
5,aws-sa-east-1,730,9531
5,aws-sa-east-1,755,9531
5,aws-sa-east-1,734,9531
5,aws-sa-east-1,727,9531
5,aws-sa-east-1,711,9531
5,aws-sa-east-1,750,9531
5,aws-sa-east-1,732,9531
5,aws-sa-east-1,718,9531
5,aws-sa-east-1,713,9531
5,aws-sa-east-1,710,9531
5,aws-sa-east-1,758,9531
5,aws-sa-east-1,722,9531
5,aws-sa-east-1,724,9531
5,aws-sa-east-1,280,9531
5,aws-sa-east-1,924,9531
5,aws-sa-east-1,716,9531
5,aws-sa-east-1,763,9531
5,aws-sa-east-1,720,9531
5,aws-sa-east-1,721,9531
5,aws-sa-east-1,715,9531
5,aws-sa-east-1,709,9531
5,aws-sa-east-1,280,9531
5,aws-sa-east-1,733,9531
5,aws-sa-east-1,723,9531
5,aws-sa-east-1,714,9531
5,aws-sa-east-1,273,9531
5,aws-sa-east-1,711,9531
5,aws-sa-east-1,283,9531
5,aws-sa-east-1,752,9531
5,aws-sa-east-1,722,9531
5,aws-sa-east-1,292,9531
5,aws-sa-east-1,302,9531
5,aws-sa-east-1,331,9531
5,aws-sa-east-1,295,9531
5,aws-sa-east-1,290,9531
5,aws-sa-east-1,752,9531
5,aws-sa-east-1,769,9531
5,aws-sa-east-1,997,9531
5,aws-sa-east-1,293,9531
5,aws-sa-east-1,725,9531
5,aws-sa-east-1,282,9531
5,aws-sa-east-1,727,9531
5,aws-sa-east-1,752,9531
5,aws-sa-east-1,732,9531
5,aws-sa-east-1,726,9531
5,aws-sa-east-1,736,9531
5,aws-sa-east-1,723,9531
5,aws-sa-east-1,720,9531
5,aws-sa-east-1,282,9531
5,aws-sa-east-1,758,9531
5,aws-sa-east-1,738,9531
5,aws-sa-east-1,727,9531
5,aws-sa-east-1,736,9531
5,aws-sa-east-1,717,9531
5,aws-sa-east-1,292,9531
5,aws-sa-east-1,287,9531
5,aws-sa-east-1,286,9531
5,aws-sa-east-1,768,9531
5,aws-sa-east-1,750,9531
5,aws-sa-east-1,767,9531
5,aws-sa-east-1,735,9531
5,aws-sa-east-1,745,9531
5,aws-sa-east-1,298,9531
5,aws-sa-east-1,764,9531
5,aws-sa-east-1,734,9531
6,aws-eu-west-1 ,192,1290
6,aws-eu-west-1 ,187,1290
6,aws-eu-west-1 ,177,1290
6,aws-eu-west-1 ,112,1290
6,aws-eu-west-1 ,160,1290
6,aws-eu-west-1 ,191,1290
6,aws-eu-west-1 ,164,1290
6,aws-eu-west-1 ,190,1290
6,aws-eu-west-1 ,91,1290
6,aws-eu-west-1 ,189,1290
6,aws-eu-west-1 ,201,1290
6,aws-eu-west-1 ,160,1290
6,aws-eu-west-1 ,169,1290
6,aws-eu-west-1 ,161,1290
6,aws-eu-west-1 ,88,1290
6,aws-eu-west-1 ,193,1290
6,aws-eu-west-1 ,159,1290
6,aws-eu-west-1 ,170,1290
6,aws-eu-west-1 ,186,1290
6,aws-eu-west-1 ,172,1290
6,aws-eu-west-1 ,182,1290
6,aws-eu-west-1 ,166,1290
6,aws-eu-west-1 ,203,1290
6,aws-eu-west-1 ,176,1290
6,aws-eu-west-1 ,169,1290
6,aws-eu-west-1 ,206,1290
6,aws-eu-west-1 ,169,1290
6,aws-eu-west-1 ,161,1290
6,aws-eu-west-1 ,87,1290
6,aws-eu-west-1 ,190,1290
6,aws-eu-west-1 ,182,1290
6,aws-eu-west-1 ,160,1290
6,aws-eu-west-1 ,172,1290
6,aws-eu-west-1 ,164,1290
6,aws-eu-west-1 ,94,1290
6,aws-eu-west-1 ,111,1290
6,aws-eu-west-1 ,189,1290
6,aws-eu-west-1 ,178,1290
6,aws-eu-west-1 ,161,1290
6,aws-eu-west-1 ,169,1290
6,aws-eu-west-1 ,177,1290
6,aws-eu-west-1 ,172,1290
6,aws-eu-west-1 ,166,1290
6,aws-eu-west-1 ,164,1290
6,aws-eu-west-1 ,173,1290
6,aws-eu-west-1 ,191,1290
6,aws-eu-west-1 ,90,1290
6,aws-eu-west-1 ,212,1290
6,aws-eu-west-1 ,108,1290
6,aws-eu-west-1 ,168,1290
6,aws-eu-west-1 ,166,1290
6,aws-eu-west-1 ,112,1290
6,aws-eu-west-1 ,175,1290
6,aws-eu-west-1 ,88,1290
6,aws-eu-west-1 ,94,1290
6,aws-eu-west-1 ,174,1290
6,aws-eu-west-1 ,174,1290
6,aws-eu-west-1 ,100,1290
6,aws-eu-west-1 ,165,1290
6,aws-eu-west-1 ,208,1290
6,aws-eu-west-1 ,174,1290
6,aws-eu-west-1 ,177,1290
6,aws-eu-west-1 ,102,1290
6,aws-eu-west-1 ,216,1290
6,aws-eu-west-1 ,184,1290
6,aws-eu-west-1 ,187,1290
6,aws-eu-west-1 ,184,1290
6,aws-eu-west-1 ,163,1290
6,aws-eu-west-1 ,169,1290
6,aws-eu-west-1 ,185,1290
6,aws-eu-west-1 ,198,1290
6,aws-eu-west-1 ,178,1290
6,aws-eu-west-1 ,187,1290
6,aws-eu-west-1 ,256,1290
6,aws-eu-west-1 ,199,1290
6,aws-eu-west-1 ,177,1290
6,aws-eu-west-1 ,113,1290
6,aws-eu-west-1 ,102,1290
6,aws-eu-west-1 ,177,1290
6,aws-eu-west-1 ,187,1290
6,aws-eu-west-1 ,195,1290
6,aws-eu-west-1 ,377,1290
6,aws-eu-west-1 ,184,1290
6,aws-eu-west-1 ,168,1290
6,aws-eu-west-1 ,216,1290
6,aws-eu-west-1 ,121,1290
6,aws-eu-west-1 ,196,1290
6,aws-eu-west-1 ,202,1290
6,aws-eu-west-1 ,210,1290
6,aws-eu-west-1 ,202,1290
6,aws-eu-west-1 ,203,1290
6,aws-eu-west-1 ,195,1290
6,aws-eu-west-1 ,217,1290
6,aws-eu-west-1 ,205,1290
6,aws-eu-west-1 ,129,1290
6,aws-eu-west-1 ,216,1290
6,aws-eu-west-1 ,121,1290
6,aws-eu-west-1 ,111,1290
6,aws-eu-west-1 ,187,1290
6,aws-eu-west-1 ,186,1290
7,aws-eu-central-1 ,114,365
7,aws-eu-central-1 ,75,365
7,aws-eu-central-1 ,76,365
7,aws-eu-central-1 ,92,365
7,aws-eu-central-1 ,52,365
7,aws-eu-central-1 ,83,365
7,aws-eu-central-1 ,56,365
7,aws-eu-central-1 ,76,365
7,aws-eu-central-1 ,58,365
7,aws-eu-central-1 ,92,365
7,aws-eu-central-1 ,80,365
7,aws-eu-central-1 ,51,365
7,aws-eu-central-1 ,74,365
7,aws-eu-central-1 ,68,365
7,aws-eu-central-1 ,66,365
7,aws-eu-central-1 ,83,365
7,aws-eu-central-1 ,66,365
7,aws-eu-central-1 ,54,365
7,aws-eu-central-1 ,77,365
7,aws-eu-central-1 ,59,365
7,aws-eu-central-1 ,55,365
7,aws-eu-central-1 ,52,365
7,aws-eu-central-1 ,81,365
7,aws-eu-central-1 ,59,365
7,aws-eu-central-1 ,58,365
7,aws-eu-central-1 ,66,365
7,aws-eu-central-1 ,83,365
7,aws-eu-central-1 ,72,365
7,aws-eu-central-1 ,78,365
7,aws-eu-central-1 ,70,365
7,aws-eu-central-1 ,130,365
7,aws-eu-central-1 ,63,365
7,aws-eu-central-1 ,92,365
7,aws-eu-central-1 ,79,365
7,aws-eu-central-1 ,65,365
7,aws-eu-central-1 ,95,365
7,aws-eu-central-1 ,64,365
7,aws-eu-central-1 ,67,365
7,aws-eu-central-1 ,71,365
7,aws-eu-central-1 ,69,365
7,aws-eu-central-1 ,80,365
7,aws-eu-central-1 ,58,365
7,aws-eu-central-1 ,59,365
7,aws-eu-central-1 ,85,365
7,aws-eu-central-1 ,69,365
7,aws-eu-central-1 ,61,365
7,aws-eu-central-1 ,76,365
7,aws-eu-central-1 ,64,365
7,aws-eu-central-1 ,74,365
7,aws-eu-central-1 ,60,365
7,aws-eu-central-1 ,81,365
7,aws-eu-central-1 ,92,365
7,aws-eu-central-1 ,71,365
7,aws-eu-central-1 ,84,365
7,aws-eu-central-1 ,80,365
7,aws-eu-central-1 ,91,365
7,aws-eu-central-1 ,83,365
7,aws-eu-central-1 ,75,365
7,aws-eu-central-1 ,78,365
7,aws-eu-central-1 ,71,365
7,aws-eu-central-1 ,91,365
7,aws-eu-central-1 ,70,365
7,aws-eu-central-1 ,73,365
7,aws-eu-central-1 ,93,365
7,aws-eu-central-1 ,89,365
7,aws-eu-central-1 ,67,365
7,aws-eu-central-1 ,64,365
7,aws-eu-central-1 ,72,365
7,aws-eu-central-1 ,85,365
7,aws-eu-central-1 ,71,365
7,aws-eu-central-1 ,115,365
7,aws-eu-central-1 ,78,365
7,aws-eu-central-1 ,73,365
7,aws-eu-central-1 ,82,365
7,aws-eu-central-1 ,71,365
7,aws-eu-central-1 ,59,365
7,aws-eu-central-1 ,76,365
7,aws-eu-central-1 ,100,365
7,aws-eu-central-1 ,77,365
7,aws-eu-central-1 ,78,365
7,aws-eu-central-1 ,73,365
7,aws-eu-central-1 ,60,365
7,aws-eu-central-1 ,85,365
7,aws-eu-central-1 ,90,365
7,aws-eu-central-1 ,116,365
7,aws-eu-central-1 ,98,365
7,aws-eu-central-1 ,87,365
7,aws-eu-central-1 ,99,365
7,aws-eu-central-1 ,94,365
7,aws-eu-central-1 ,94,365
7,aws-eu-central-1 ,87,365
7,aws-eu-central-1 ,107,365
7,aws-eu-central-1 ,91,365
7,aws-eu-central-1 ,85,365
7,aws-eu-central-1 ,83,365
7,aws-eu-central-1 ,80,365
7,aws-eu-central-1 ,328,365
7,aws-eu-central-1 ,96,365
7,aws-eu-central-1 ,95,365
7,aws-eu-central-1 ,93,365
8,aws-eu-west-2  ,165,747
8,aws-eu-west-2  ,154,747
8,aws-eu-west-2  ,176,747
8,aws-eu-west-2  ,146,747
8,aws-eu-west-2  ,133,747
8,aws-eu-west-2  ,166,747
8,aws-eu-west-2  ,151,747
8,aws-eu-west-2  ,172,747
8,aws-eu-west-2  ,148,747
8,aws-eu-west-2  ,165,747
8,aws-eu-west-2  ,132,747
8,aws-eu-west-2  ,135,747
8,aws-eu-west-2  ,144,747
8,aws-eu-west-2  ,79,747
8,aws-eu-west-2  ,140,747
8,aws-eu-west-2  ,168,747
8,aws-eu-west-2  ,137,747
8,aws-eu-west-2  ,76,747
8,aws-eu-west-2  ,145,747
8,aws-eu-west-2  ,79,747
8,aws-eu-west-2  ,134,747
8,aws-eu-west-2  ,105,747
8,aws-eu-west-2  ,160,747
8,aws-eu-west-2  ,136,747
8,aws-eu-west-2  ,143,747
8,aws-eu-west-2  ,78,747
8,aws-eu-west-2  ,187,747
8,aws-eu-west-2  ,137,747
8,aws-eu-west-2  ,148,747
8,aws-eu-west-2  ,79,747
8,aws-eu-west-2  ,164,747
8,aws-eu-west-2  ,203,747
8,aws-eu-west-2  ,147,747
8,aws-eu-west-2  ,89,747
8,aws-eu-west-2  ,187,747
8,aws-eu-west-2  ,198,747
8,aws-eu-west-2  ,146,747
8,aws-eu-west-2  ,85,747
8,aws-eu-west-2  ,156,747
8,aws-eu-west-2  ,137,747
8,aws-eu-west-2  ,151,747
8,aws-eu-west-2  ,150,747
8,aws-eu-west-2  ,104,747
8,aws-eu-west-2  ,83,747
8,aws-eu-west-2  ,143,747
8,aws-eu-west-2  ,172,747
8,aws-eu-west-2  ,149,747
8,aws-eu-west-2  ,378,747
8,aws-eu-west-2  ,141,747
8,aws-eu-west-2  ,106,747
8,aws-eu-west-2  ,171,747
8,aws-eu-west-2  ,161,747
8,aws-eu-west-2  ,168,747
8,aws-eu-west-2  ,143,747
8,aws-eu-west-2  ,188,747
8,aws-eu-west-2  ,89,747
8,aws-eu-west-2  ,143,747
8,aws-eu-west-2  ,160,747
8,aws-eu-west-2  ,147,747
8,aws-eu-west-2  ,168,747
8,aws-eu-west-2  ,86,747
8,aws-eu-west-2  ,95,747
8,aws-eu-west-2  ,99,747
8,aws-eu-west-2  ,185,747
8,aws-eu-west-2  ,242,747
8,aws-eu-west-2  ,90,747
8,aws-eu-west-2  ,101,747
8,aws-eu-west-2  ,95,747
8,aws-eu-west-2  ,99,747
8,aws-eu-west-2  ,165,747
8,aws-eu-west-2  ,191,747
8,aws-eu-west-2  ,162,747
8,aws-eu-west-2  ,150,747
8,aws-eu-west-2  ,122,747
8,aws-eu-west-2  ,96,747
8,aws-eu-west-2  ,163,747
8,aws-eu-west-2  ,114,747
8,aws-eu-west-2  ,195,747
8,aws-eu-west-2  ,185,747
8,aws-eu-west-2  ,107,747
8,aws-eu-west-2  ,118,747
8,aws-eu-west-2  ,154,747
8,aws-eu-west-2  ,102,747
8,aws-eu-west-2  ,155,747
8,aws-eu-west-2  ,188,747
8,aws-eu-west-2  ,172,747
8,aws-eu-west-2  ,108,747
8,aws-eu-west-2  ,179,747
8,aws-eu-west-2  ,197,747
8,aws-eu-west-2  ,106,747
8,aws-eu-west-2  ,98,747
8,aws-eu-west-2  ,111,747
8,aws-eu-west-2  ,186,747
8,aws-eu-west-2  ,169,747
8,aws-eu-west-2  ,174,747
8,aws-eu-west-2  ,169,747
8,aws-eu-west-2  ,116,747
8,aws-eu-west-2  ,116,747
8,aws-eu-west-2  ,133,747
8,aws-eu-west-2  ,112,747
9,aws-eu-west-3,191,435
9,aws-eu-west-3,136,435
9,aws-eu-west-3,154,435
9,aws-eu-west-3,137,435
9,aws-eu-west-3,114,435
9,aws-eu-west-3,127,435
9,aws-eu-west-3,72,435
9,aws-eu-west-3,137,435
9,aws-eu-west-3,74,435
9,aws-eu-west-3,164,435
9,aws-eu-west-3,116,435
9,aws-eu-west-3,121,435
9,aws-eu-west-3,156,435
9,aws-eu-west-3,121,435
9,aws-eu-west-3,69,435
9,aws-eu-west-3,157,435
9,aws-eu-west-3,117,435
9,aws-eu-west-3,86,435
9,aws-eu-west-3,156,435
9,aws-eu-west-3,116,435
9,aws-eu-west-3,120,435
9,aws-eu-west-3,116,435
9,aws-eu-west-3,135,435
9,aws-eu-west-3,90,435
9,aws-eu-west-3,121,435
9,aws-eu-west-3,116,435
9,aws-eu-west-3,152,435
9,aws-eu-west-3,75,435
9,aws-eu-west-3,77,435
9,aws-eu-west-3,122,435
9,aws-eu-west-3,142,435
9,aws-eu-west-3,121,435
9,aws-eu-west-3,97,435
9,aws-eu-west-3,81,435
9,aws-eu-west-3,95,435
9,aws-eu-west-3,178,435
9,aws-eu-west-3,130,435
9,aws-eu-west-3,124,435
9,aws-eu-west-3,79,435
9,aws-eu-west-3,73,435
9,aws-eu-west-3,159,435
9,aws-eu-west-3,151,435
9,aws-eu-west-3,122,435
9,aws-eu-west-3,115,435
9,aws-eu-west-3,117,435
9,aws-eu-west-3,136,435
9,aws-eu-west-3,148,435
9,aws-eu-west-3,139,435
9,aws-eu-west-3,108,435
9,aws-eu-west-3,95,435
9,aws-eu-west-3,87,435
9,aws-eu-west-3,142,435
9,aws-eu-west-3,135,435
9,aws-eu-west-3,119,435
9,aws-eu-west-3,136,435
9,aws-eu-west-3,128,435
9,aws-eu-west-3,128,435
9,aws-eu-west-3,152,435
9,aws-eu-west-3,130,435
9,aws-eu-west-3,138,435
9,aws-eu-west-3,72,435
9,aws-eu-west-3,81,435
9,aws-eu-west-3,127,435
9,aws-eu-west-3,127,435
9,aws-eu-west-3,415,435
9,aws-eu-west-3,129,435
9,aws-eu-west-3,97,435
9,aws-eu-west-3,87,435
9,aws-eu-west-3,84,435
9,aws-eu-west-3,122,435
9,aws-eu-west-3,132,435
9,aws-eu-west-3,165,435
9,aws-eu-west-3,85,435
9,aws-eu-west-3,148,435
9,aws-eu-west-3,100,435
9,aws-eu-west-3,139,435
9,aws-eu-west-3,96,435
9,aws-eu-west-3,164,435
9,aws-eu-west-3,180,435
9,aws-eu-west-3,127,435
9,aws-eu-west-3,133,435
9,aws-eu-west-3,99,435
9,aws-eu-west-3,105,435
9,aws-eu-west-3,98,435
9,aws-eu-west-3,189,435
9,aws-eu-west-3,160,435
9,aws-eu-west-3,132,435
9,aws-eu-west-3,160,435
9,aws-eu-west-3,289,435
9,aws-eu-west-3,95,435
9,aws-eu-west-3,125,435
9,aws-eu-west-3,110,435
9,aws-eu-west-3,184,435
9,aws-eu-west-3,172,435
9,aws-eu-west-3,166,435
9,aws-eu-west-3,114,435
9,aws-eu-west-3,107,435
9,aws-eu-west-3,111,435
9,aws-eu-west-3,107,435
9,aws-eu-west-3,157,435
10,aws-eu-north-1,187,1544
10,aws-eu-north-1,177,1544
10,aws-eu-north-1,215,1544
10,aws-eu-north-1,252,1544
10,aws-eu-north-1,150,1544
10,aws-eu-north-1,206,1544
10,aws-eu-north-1,131,1544
10,aws-eu-north-1,162,1544
10,aws-eu-north-1,252,1544
10,aws-eu-north-1,176,1544
10,aws-eu-north-1,142,1544
10,aws-eu-north-1,160,1544
10,aws-eu-north-1,159,1544
10,aws-eu-north-1,86,1544
10,aws-eu-north-1,82,1544
10,aws-eu-north-1,184,1544
10,aws-eu-north-1,135,1544
10,aws-eu-north-1,130,1544
10,aws-eu-north-1,179,1544
10,aws-eu-north-1,130,1544
10,aws-eu-north-1,134,1544
10,aws-eu-north-1,142,1544
10,aws-eu-north-1,190,1544
10,aws-eu-north-1,177,1544
10,aws-eu-north-1,602,1544
10,aws-eu-north-1,151,1544
10,aws-eu-north-1,151,1544
10,aws-eu-north-1,101,1544
10,aws-eu-north-1,131,1544
10,aws-eu-north-1,149,1544
10,aws-eu-north-1,164,1544
10,aws-eu-north-1,99,1544
10,aws-eu-north-1,179,1544
10,aws-eu-north-1,145,1544
10,aws-eu-north-1,164,1544
10,aws-eu-north-1,169,1544
10,aws-eu-north-1,164,1544
10,aws-eu-north-1,93,1544
10,aws-eu-north-1,86,1544
10,aws-eu-north-1,145,1544
10,aws-eu-north-1,150,1544
10,aws-eu-north-1,164,1544
10,aws-eu-north-1,101,1544
10,aws-eu-north-1,138,1544
10,aws-eu-north-1,145,1544
10,aws-eu-north-1,171,1544
10,aws-eu-north-1,138,1544
10,aws-eu-north-1,154,1544
10,aws-eu-north-1,148,1544
10,aws-eu-north-1,142,1544
10,aws-eu-north-1,88,1544
10,aws-eu-north-1,214,1544
10,aws-eu-north-1,137,1544
10,aws-eu-north-1,235,1544
10,aws-eu-north-1,147,1544
10,aws-eu-north-1,141,1544
10,aws-eu-north-1,167,1544
10,aws-eu-north-1,175,1544
10,aws-eu-north-1,154,1544
10,aws-eu-north-1,163,1544
10,aws-eu-north-1,141,1544
10,aws-eu-north-1,113,1544
10,aws-eu-north-1,84,1544
10,aws-eu-north-1,169,1544
10,aws-eu-north-1,172,1544
10,aws-eu-north-1,183,1544
10,aws-eu-north-1,150,1544
10,aws-eu-north-1,155,1544
10,aws-eu-north-1,106,1544
10,aws-eu-north-1,106,1544
10,aws-eu-north-1,186,1544
10,aws-eu-north-1,401,1544
10,aws-eu-north-1,155,1544
10,aws-eu-north-1,104,1544
10,aws-eu-north-1,154,1544
10,aws-eu-north-1,101,1544
10,aws-eu-north-1,103,1544
10,aws-eu-north-1,170,1544
10,aws-eu-north-1,192,1544
10,aws-eu-north-1,155,1544
10,aws-eu-north-1,144,1544
10,aws-eu-north-1,112,1544
10,aws-eu-north-1,109,1544
10,aws-eu-north-1,144,1544
10,aws-eu-north-1,173,1544
10,aws-eu-north-1,185,1544
10,aws-eu-north-1,127,1544
10,aws-eu-north-1,178,1544
10,aws-eu-north-1,105,1544
10,aws-eu-north-1,110,1544
10,aws-eu-north-1,163,1544
10,aws-eu-north-1,172,1544
10,aws-eu-north-1,217,1544
10,aws-eu-north-1,165,1544
10,aws-eu-north-1,167,1544
10,aws-eu-north-1,168,1544
10,aws-eu-north-1,180,1544
10,aws-eu-north-1,179,1544
10,aws-eu-north-1,142,1544
10,aws-eu-north-1,166,1544
11,aws-ap-southeast1,747,10381
11,aws-ap-southeast1,550,10381
11,aws-ap-southeast1,706,10381
11,aws-ap-southeast1,555,10381
11,aws-ap-southeast1,566,10381
11,aws-ap-southeast1,543,10381
11,aws-ap-southeast1,545,10381
11,aws-ap-southeast1,552,10381
11,aws-ap-southeast1,723,10381
11,aws-ap-southeast1,550,10381
11,aws-ap-southeast1,706,10381
11,aws-ap-southeast1,549,10381
11,aws-ap-southeast1,1169,10381
11,aws-ap-southeast1,357,10381
11,aws-ap-southeast1,543,10381
11,aws-ap-southeast1,569,10381
11,aws-ap-southeast1,542,10381
11,aws-ap-southeast1,567,10381
11,aws-ap-southeast1,706,10381
11,aws-ap-southeast1,544,10381
11,aws-ap-southeast1,714,10381
11,aws-ap-southeast1,532,10381
11,aws-ap-southeast1,560,10381
11,aws-ap-southeast1,713,10381
11,aws-ap-southeast1,545,10381
11,aws-ap-southeast1,538,10381
11,aws-ap-southeast1,564,10381
11,aws-ap-southeast1,729,10381
11,aws-ap-southeast1,542,10381
11,aws-ap-southeast1,564,10381
11,aws-ap-southeast1,539,10381
11,aws-ap-southeast1,546,10381
11,aws-ap-southeast1,564,10381
11,aws-ap-southeast1,567,10381
11,aws-ap-southeast1,568,10381
11,aws-ap-southeast1,566,10381
11,aws-ap-southeast1,548,10381
11,aws-ap-southeast1,542,10381
11,aws-ap-southeast1,536,10381
11,aws-ap-southeast1,551,10381
11,aws-ap-southeast1,568,10381
11,aws-ap-southeast1,227,10381
11,aws-ap-southeast1,536,10381
11,aws-ap-southeast1,561,10381
11,aws-ap-southeast1,548,10381
11,aws-ap-southeast1,544,10381
11,aws-ap-southeast1,557,10381
11,aws-ap-southeast1,540,10381
11,aws-ap-southeast1,543,10381
11,aws-ap-southeast1,224,10381
11,aws-ap-southeast1,549,10381
11,aws-ap-southeast1,550,10381
11,aws-ap-southeast1,573,10381
11,aws-ap-southeast1,543,10381
11,aws-ap-southeast1,546,10381
11,aws-ap-southeast1,565,10381
11,aws-ap-southeast1,555,10381
11,aws-ap-southeast1,573,10381
11,aws-ap-southeast1,557,10381
11,aws-ap-southeast1,224,10381
11,aws-ap-southeast1,559,10381
11,aws-ap-southeast1,548,10381
11,aws-ap-southeast1,542,10381
11,aws-ap-southeast1,570,10381
11,aws-ap-southeast1,569,10381
11,aws-ap-southeast1,231,10381
11,aws-ap-southeast1,551,10381
11,aws-ap-southeast1,719,10381
11,aws-ap-southeast1,547,10381
11,aws-ap-southeast1,551,10381
11,aws-ap-southeast1,579,10381
11,aws-ap-southeast1,584,10381
11,aws-ap-southeast1,558,10381
11,aws-ap-southeast1,565,10381
11,aws-ap-southeast1,590,10381
11,aws-ap-southeast1,553,10381
11,aws-ap-southeast1,568,10381
11,aws-ap-southeast1,589,10381
11,aws-ap-southeast1,584,10381
11,aws-ap-southeast1,541,10381
11,aws-ap-southeast1,572,10381
11,aws-ap-southeast1,234,10381
11,aws-ap-southeast1,545,10381
11,aws-ap-southeast1,222,10381
11,aws-ap-southeast1,608,10381
11,aws-ap-southeast1,565,10381
11,aws-ap-southeast1,563,10381
11,aws-ap-southeast1,567,10381
11,aws-ap-southeast1,579,10381
11,aws-ap-southeast1,554,10381
11,aws-ap-southeast1,649,10381
11,aws-ap-southeast1,243,10381
11,aws-ap-southeast1,605,10381
11,aws-ap-southeast1,567,10381
11,aws-ap-southeast1,250,10381
11,aws-ap-southeast1,579,10381
11,aws-ap-southeast1,600,10381
11,aws-ap-southeast1,555,10381
11,aws-ap-southeast1,268,10381
11,aws-ap-southeast1,554,10381
12,aws-ap-notheast-1 ,893,9669
12,aws-ap-notheast-1 ,775,9669
12,aws-ap-notheast-1 ,852,9669
12,aws-ap-notheast-1 ,764,9669
12,aws-ap-notheast-1 ,765,9669
12,aws-ap-notheast-1 ,999,9669
12,aws-ap-notheast-1 ,996,9669
12,aws-ap-notheast-1 ,787,9669
12,aws-ap-notheast-1 ,786,9669
12,aws-ap-notheast-1 ,772,9669
12,aws-ap-notheast-1 ,790,9669
12,aws-ap-notheast-1 ,763,9669
12,aws-ap-notheast-1 ,998,9669
12,aws-ap-notheast-1 ,760,9669
12,aws-ap-notheast-1 ,763,9669
12,aws-ap-notheast-1 ,789,9669
12,aws-ap-notheast-1 ,774,9669
12,aws-ap-notheast-1 ,880,9669
12,aws-ap-notheast-1 ,1007,9669
12,aws-ap-notheast-1 ,791,9669
12,aws-ap-notheast-1 ,768,9669
12,aws-ap-notheast-1 ,1002,9669
12,aws-ap-notheast-1 ,784,9669
12,aws-ap-notheast-1 ,801,9669
12,aws-ap-notheast-1 ,802,9669
12,aws-ap-notheast-1 ,782,9669
12,aws-ap-notheast-1 ,768,9669
12,aws-ap-notheast-1 ,1252,9669
12,aws-ap-notheast-1 ,781,9669
12,aws-ap-notheast-1 ,763,9669
12,aws-ap-notheast-1 ,1041,9669
12,aws-ap-notheast-1 ,787,9669
12,aws-ap-notheast-1 ,782,9669
12,aws-ap-notheast-1 ,769,9669
12,aws-ap-notheast-1 ,298,9669
12,aws-ap-notheast-1 ,770,9669
12,aws-ap-notheast-1 ,774,9669
12,aws-ap-notheast-1 ,775,9669
12,aws-ap-notheast-1 ,765,9669
12,aws-ap-notheast-1 ,776,9669
12,aws-ap-notheast-1 ,792,9669
12,aws-ap-notheast-1 ,768,9669
12,aws-ap-notheast-1 ,792,9669
12,aws-ap-notheast-1 ,769,9669
12,aws-ap-notheast-1 ,779,9669
12,aws-ap-notheast-1 ,775,9669
12,aws-ap-notheast-1 ,766,9669
12,aws-ap-notheast-1 ,770,9669
12,aws-ap-notheast-1 ,775,9669
12,aws-ap-notheast-1 ,765,9669
12,aws-ap-notheast-1 ,761,9669
12,aws-ap-notheast-1 ,828,9669
12,aws-ap-notheast-1 ,799,9669
12,aws-ap-notheast-1 ,785,9669
12,aws-ap-notheast-1 ,817,9669
12,aws-ap-notheast-1 ,797,9669
12,aws-ap-notheast-1 ,806,9669
12,aws-ap-notheast-1 ,796,9669
12,aws-ap-notheast-1 ,783,9669
12,aws-ap-notheast-1 ,313,9669
12,aws-ap-notheast-1 ,810,9669
12,aws-ap-notheast-1 ,803,9669
12,aws-ap-notheast-1 ,823,9669
12,aws-ap-notheast-1 ,822,9669
12,aws-ap-notheast-1 ,312,9669
12,aws-ap-notheast-1 ,819,9669
12,aws-ap-notheast-1 ,794,9669
12,aws-ap-notheast-1 ,812,9669
12,aws-ap-notheast-1 ,808,9669
12,aws-ap-notheast-1 ,802,9669
12,aws-ap-notheast-1 ,788,9669
12,aws-ap-notheast-1 ,778,9669
12,aws-ap-notheast-1 ,813,9669
12,aws-ap-notheast-1 ,805,9669
12,aws-ap-notheast-1 ,787,9669
12,aws-ap-notheast-1 ,816,9669
12,aws-ap-notheast-1 ,798,9669
12,aws-ap-notheast-1 ,817,9669
12,aws-ap-notheast-1 ,917,9669
12,aws-ap-notheast-1 ,800,9669
12,aws-ap-notheast-1 ,805,9669
12,aws-ap-notheast-1 ,837,9669
12,aws-ap-notheast-1 ,803,9669
12,aws-ap-notheast-1 ,1818,9669
12,aws-ap-notheast-1 ,809,9669
12,aws-ap-notheast-1 ,818,9669
12,aws-ap-notheast-1 ,796,9669
12,aws-ap-notheast-1 ,805,9669
12,aws-ap-notheast-1 ,818,9669
12,aws-ap-notheast-1 ,824,9669
12,aws-ap-notheast-1 ,830,9669
12,aws-ap-notheast-1 ,333,9669
12,aws-ap-notheast-1 ,826,9669
12,aws-ap-notheast-1 ,807,9669
12,aws-ap-notheast-1 ,937,9669
12,aws-ap-notheast-1 ,865,9669
12,aws-ap-notheast-1 ,805,9669
12,aws-ap-notheast-1 ,822,9669
12,aws-ap-notheast-1 ,877,9669
12,aws-ap-notheast-1 ,894,9669
13,aws-ap-southeast2 ,972,16663
13,aws-ap-southeast2 ,970,16663
13,aws-ap-southeast2 ,1283,16663
13,aws-ap-southeast2 ,964,16663
13,aws-ap-southeast2 ,387,16663
13,aws-ap-southeast2 ,992,16663
13,aws-ap-southeast2 ,1262,16663
13,aws-ap-southeast2 ,976,16663
13,aws-ap-southeast2 ,969,16663
13,aws-ap-southeast2 ,974,16663
13,aws-ap-southeast2 ,956,16663
13,aws-ap-southeast2 ,940,16663
13,aws-ap-southeast2 ,1100,16663
13,aws-ap-southeast2 ,1313,16663
13,aws-ap-southeast2 ,939,16663
13,aws-ap-southeast2 ,972,16663
13,aws-ap-southeast2 ,938,16663
13,aws-ap-southeast2 ,360,16663
13,aws-ap-southeast2 ,972,16663
13,aws-ap-southeast2 ,956,16663
13,aws-ap-southeast2 ,974,16663
13,aws-ap-southeast2 ,951,16663
13,aws-ap-southeast2 ,981,16663
13,aws-ap-southeast2 ,946,16663
13,aws-ap-southeast2 ,954,16663
13,aws-ap-southeast2 ,950,16663
13,aws-ap-southeast2 ,940,16663
13,aws-ap-southeast2 ,950,16663
13,aws-ap-southeast2 ,943,16663
13,aws-ap-southeast2 ,991,16663
13,aws-ap-southeast2 ,983,16663
13,aws-ap-southeast2 ,939,16663
13,aws-ap-southeast2 ,965,16663
13,aws-ap-southeast2 ,949,16663
13,aws-ap-southeast2 ,960,16663
13,aws-ap-southeast2 ,976,16663
13,aws-ap-southeast2 ,951,16663
13,aws-ap-southeast2 ,958,16663
13,aws-ap-southeast2 ,359,16663
13,aws-ap-southeast2 ,370,16663
13,aws-ap-southeast2 ,961,16663
13,aws-ap-southeast2 ,951,16663
13,aws-ap-southeast2 ,944,16663
13,aws-ap-southeast2 ,945,16663
13,aws-ap-southeast2 ,956,16663
13,aws-ap-southeast2 ,972,16663
13,aws-ap-southeast2 ,945,16663
13,aws-ap-southeast2 ,372,16663
13,aws-ap-southeast2 ,953,16663
13,aws-ap-southeast2 ,955,16663
13,aws-ap-southeast2 ,962,16663
13,aws-ap-southeast2 ,984,16663
13,aws-ap-southeast2 ,949,16663
13,aws-ap-southeast2 ,1258,16663
13,aws-ap-southeast2 ,953,16663
13,aws-ap-southeast2 ,950,16663
13,aws-ap-southeast2 ,946,16663
13,aws-ap-southeast2 ,359,16663
13,aws-ap-southeast2 ,967,16663
13,aws-ap-southeast2 ,367,16663
13,aws-ap-southeast2 ,949,16663
13,aws-ap-southeast2 ,365,16663
13,aws-ap-southeast2 ,363,16663
13,aws-ap-southeast2 ,998,16663
13,aws-ap-southeast2 ,965,16663
13,aws-ap-southeast2 ,961,16663
13,aws-ap-southeast2 ,962,16663
13,aws-ap-southeast2 ,953,16663
13,aws-ap-southeast2 ,356,16663
13,aws-ap-southeast2 ,955,16663
13,aws-ap-southeast2 ,962,16663
13,aws-ap-southeast2 ,967,16663
13,aws-ap-southeast2 ,360,16663
13,aws-ap-southeast2 ,953,16663
13,aws-ap-southeast2 ,955,16663
13,aws-ap-southeast2 ,957,16663
13,aws-ap-southeast2 ,959,16663
13,aws-ap-southeast2 ,990,16663
13,aws-ap-southeast2 ,964,16663
13,aws-ap-southeast2 ,953,16663
13,aws-ap-southeast2 ,962,16663
13,aws-ap-southeast2 ,955,16663
13,aws-ap-southeast2 ,948,16663
13,aws-ap-southeast2 ,364,16663
13,aws-ap-southeast2 ,985,16663
13,aws-ap-southeast2 ,972,16663
13,aws-ap-southeast2 ,982,16663
13,aws-ap-southeast2 ,1020,16663
13,aws-ap-southeast2 ,962,16663
13,aws-ap-southeast2 ,952,16663
13,aws-ap-southeast2 ,953,16663
13,aws-ap-southeast2 ,387,16663
13,aws-ap-southeast2 ,990,16663
13,aws-ap-southeast2 ,957,16663
13,aws-ap-southeast2 ,967,16663
13,aws-ap-southeast2 ,412,16663
13,aws-ap-southeast2 ,987,16663
13,aws-ap-southeast2 ,965,16663
13,aws-ap-southeast2 ,961,16663
13,aws-ap-southeast2 ,956,16663
14,aws-ap-northeast2,1238,8865
14,aws-ap-northeast2,972,8865
14,aws-ap-northeast2,1157,8865
14,aws-ap-northeast2,1160,8865
14,aws-ap-northeast2,895,8865
14,aws-ap-northeast2,900,8865
14,aws-ap-northeast2,333,8865
14,aws-ap-northeast2,1381,8865
14,aws-ap-northeast2,1628,8865
14,aws-ap-northeast2,893,8865
14,aws-ap-northeast2,947,8865
14,aws-ap-northeast2,324,8865
14,aws-ap-northeast2,890,8865
14,aws-ap-northeast2,855,8865
14,aws-ap-northeast2,333,8865
14,aws-ap-northeast2,883,8865
14,aws-ap-northeast2,860,8865
14,aws-ap-northeast2,866,8865
14,aws-ap-northeast2,891,8865
14,aws-ap-northeast2,855,8865
14,aws-ap-northeast2,330,8865
14,aws-ap-northeast2,874,8865
14,aws-ap-northeast2,895,8865
14,aws-ap-northeast2,865,8865
14,aws-ap-northeast2,848,8865
14,aws-ap-northeast2,857,8865
14,aws-ap-northeast2,875,8865
14,aws-ap-northeast2,878,8865
14,aws-ap-northeast2,1152,8865
14,aws-ap-northeast2,883,8865
14,aws-ap-northeast2,900,8865
14,aws-ap-northeast2,856,8865
14,aws-ap-northeast2,339,8865
14,aws-ap-northeast2,866,8865
14,aws-ap-northeast2,873,8865
14,aws-ap-northeast2,896,8865
14,aws-ap-northeast2,855,8865
14,aws-ap-northeast2,323,8865
14,aws-ap-northeast2,357,8865
14,aws-ap-northeast2,854,8865
14,aws-ap-northeast2,893,8865
14,aws-ap-northeast2,873,8865
14,aws-ap-northeast2,857,8865
14,aws-ap-northeast2,869,8865
14,aws-ap-northeast2,951,8865
14,aws-ap-northeast2,892,8865
14,aws-ap-northeast2,865,8865
14,aws-ap-northeast2,861,8865
14,aws-ap-northeast2,860,8865
14,aws-ap-northeast2,856,8865
14,aws-ap-northeast2,867,8865
14,aws-ap-northeast2,901,8865
14,aws-ap-northeast2,918,8865
14,aws-ap-northeast2,869,8865
14,aws-ap-northeast2,879,8865
14,aws-ap-northeast2,873,8865
14,aws-ap-northeast2,382,8865
14,aws-ap-northeast2,902,8865
14,aws-ap-northeast2,884,8865
14,aws-ap-northeast2,887,8865
14,aws-ap-northeast2,332,8865
14,aws-ap-northeast2,874,8865
14,aws-ap-northeast2,866,8865
14,aws-ap-northeast2,905,8865
14,aws-ap-northeast2,873,8865
14,aws-ap-northeast2,864,8865
14,aws-ap-northeast2,868,8865
14,aws-ap-northeast2,335,8865
14,aws-ap-northeast2,342,8865
14,aws-ap-northeast2,356,8865
14,aws-ap-northeast2,887,8865
14,aws-ap-northeast2,908,8865
14,aws-ap-northeast2,878,8865
14,aws-ap-northeast2,873,8865
14,aws-ap-northeast2,872,8865
14,aws-ap-northeast2,1108,8865
14,aws-ap-northeast2,1254,8865
14,aws-ap-northeast2,883,8865
14,aws-ap-northeast2,904,8865
14,aws-ap-northeast2,869,8865
14,aws-ap-northeast2,881,8865
14,aws-ap-northeast2,871,8865
14,aws-ap-northeast2,871,8865
14,aws-ap-northeast2,342,8865
14,aws-ap-northeast2,907,8865
14,aws-ap-northeast2,875,8865
14,aws-ap-northeast2,877,8865
14,aws-ap-northeast2,878,8865
14,aws-ap-northeast2,356,8865
14,aws-ap-northeast2,346,8865
14,aws-ap-northeast2,331,8865
14,aws-ap-northeast2,340,8865
14,aws-ap-northeast2,907,8865
14,aws-ap-northeast2,364,8865
14,aws-ap-northeast2,352,8865
14,aws-ap-northeast2,877,8865
14,aws-ap-northeast2,870,8865
14,aws-ap-northeast2,877,8865
14,aws-ap-northeast2,872,8865
14,aws-ap-northeast2,886,8865
15,aws-ap-south-1,404,6622
15,aws-ap-south-1,404,6622
15,aws-ap-south-1,375,6622
15,aws-ap-south-1,398,6622
15,aws-ap-south-1,362,6622
15,aws-ap-south-1,407,6622
15,aws-ap-south-1,359,6622
15,aws-ap-south-1,420,6622
15,aws-ap-south-1,494,6622
15,aws-ap-south-1,384,6622
15,aws-ap-south-1,356,6622
15,aws-ap-south-1,361,6622
15,aws-ap-south-1,413,6622
15,aws-ap-south-1,375,6622
15,aws-ap-south-1,366,6622
15,aws-ap-south-1,417,6622
15,aws-ap-south-1,357,6622
15,aws-ap-south-1,151,6622
15,aws-ap-south-1,455,6622
15,aws-ap-south-1,360,6622
15,aws-ap-south-1,372,6622
15,aws-ap-south-1,155,6622
15,aws-ap-south-1,447,6622
15,aws-ap-south-1,366,6622
15,aws-ap-south-1,379,6622
15,aws-ap-south-1,377,6622
15,aws-ap-south-1,416,6622
15,aws-ap-south-1,361,6622
15,aws-ap-south-1,155,6622
15,aws-ap-south-1,155,6622
15,aws-ap-south-1,395,6622
15,aws-ap-south-1,365,6622
15,aws-ap-south-1,365,6622
15,aws-ap-south-1,168,6622
15,aws-ap-south-1,158,6622
15,aws-ap-south-1,522,6622
15,aws-ap-south-1,208,6622
15,aws-ap-south-1,376,6622
15,aws-ap-south-1,370,6622
15,aws-ap-south-1,375,6622
15,aws-ap-south-1,429,6622
15,aws-ap-south-1,368,6622
15,aws-ap-south-1,364,6622
15,aws-ap-south-1,358,6622
15,aws-ap-south-1,369,6622
15,aws-ap-south-1,416,6622
15,aws-ap-south-1,359,6622
15,aws-ap-south-1,396,6622
15,aws-ap-south-1,390,6622
15,aws-ap-south-1,367,6622
15,aws-ap-south-1,159,6622
15,aws-ap-south-1,471,6622
15,aws-ap-south-1,170,6622
15,aws-ap-south-1,360,6622
15,aws-ap-south-1,378,6622
15,aws-ap-south-1,154,6622
15,aws-ap-south-1,152,6622
15,aws-ap-south-1,178,6622
15,aws-ap-south-1,365,6622
15,aws-ap-south-1,161,6622
15,aws-ap-south-1,368,6622
15,aws-ap-south-1,167,6622
15,aws-ap-south-1,363,6622
15,aws-ap-south-1,394,6622
15,aws-ap-south-1,164,6622
15,aws-ap-south-1,371,6622
15,aws-ap-south-1,401,6622
15,aws-ap-south-1,173,6622
15,aws-ap-south-1,375,6622
15,aws-ap-south-1,153,6622
15,aws-ap-south-1,391,6622
15,aws-ap-south-1,374,6622
15,aws-ap-south-1,373,6622
15,aws-ap-south-1,380,6622
15,aws-ap-south-1,383,6622
15,aws-ap-south-1,188,6622
15,aws-ap-south-1,390,6622
15,aws-ap-south-1,189,6622
15,aws-ap-south-1,390,6622
15,aws-ap-south-1,370,6622
15,aws-ap-south-1,171,6622
15,aws-ap-south-1,169,6622
15,aws-ap-south-1,195,6622
15,aws-ap-south-1,159,6622
15,aws-ap-south-1,407,6622
15,aws-ap-south-1,169,6622
15,aws-ap-south-1,173,6622
15,aws-ap-south-1,195,6622
15,aws-ap-south-1,399,6622
15,aws-ap-south-1,188,6622
15,aws-ap-south-1,167,6622
15,aws-ap-south-1,175,6622
15,aws-ap-south-1,200,6622
15,aws-ap-south-1,170,6622
15,aws-ap-south-1,395,6622
15,aws-ap-south-1,195,6622
15,aws-ap-south-1,179,6622
15,aws-ap-south-1,394,6622
15,aws-ap-south-1,396,6622
15,aws-ap-south-1,194,6622
15,aws-me-south-1,707,4423
15,aws-me-south-1,516,4423
15,aws-me-south-1,658,4423
15,aws-me-south-1,630,4423
15,aws-me-south-1,499,4423
15,aws-me-south-1,592,4423
15,aws-me-south-1,648,4423
15,aws-me-south-1,567,4423
15,aws-me-south-1,728,4423
15,aws-me-south-1,642,4423
15,aws-me-south-1,514,4423
15,aws-me-south-1,483,4423
15,aws-me-south-1,516,4423
15,aws-me-south-1,477,4423
15,aws-me-south-1,479,4423
15,aws-me-south-1,610,4423
15,aws-me-south-1,480,4423
15,aws-me-south-1,189,4423
15,aws-me-south-1,758,4423
15,aws-me-south-1,584,4423
15,aws-me-south-1,217,4423
15,aws-me-south-1,485,4423
15,aws-me-south-1,549,4423
15,aws-me-south-1,681,4423
15,aws-me-south-1,194,4423
15,aws-me-south-1,500,4423
15,aws-me-south-1,515,4423
15,aws-me-south-1,519,4423
15,aws-me-south-1,484,4423
15,aws-me-south-1,478,4423
15,aws-me-south-1,938,4423
15,aws-me-south-1,518,4423
15,aws-me-south-1,478,4423
15,aws-me-south-1,492,4423
15,aws-me-south-1,515,4423
15,aws-me-south-1,551,4423
15,aws-me-south-1,485,4423
15,aws-me-south-1,514,4423
15,aws-me-south-1,515,4423
15,aws-me-south-1,482,4423
15,aws-me-south-1,527,4423
15,aws-me-south-1,483,4423
15,aws-me-south-1,485,4423
15,aws-me-south-1,487,4423
15,aws-me-south-1,482,4423
15,aws-me-south-1,533,4423
15,aws-me-south-1,488,4423
15,aws-me-south-1,498,4423
15,aws-me-south-1,488,4423
15,aws-me-south-1,724,4423
15,aws-me-south-1,510,4423
15,aws-me-south-1,528,4423
15,aws-me-south-1,524,4423
15,aws-me-south-1,486,4423
15,aws-me-south-1,494,4423
15,aws-me-south-1,494,4423
15,aws-me-south-1,200,4423
15,aws-me-south-1,524,4423
15,aws-me-south-1,486,4423
15,aws-me-south-1,487,4423
15,aws-me-south-1,498,4423
15,aws-me-south-1,550,4423
15,aws-me-south-1,499,4423
15,aws-me-south-1,540,4423
15,aws-me-south-1,496,4423
15,aws-me-south-1,240,4423
15,aws-me-south-1,511,4423
15,aws-me-south-1,220,4423
15,aws-me-south-1,503,4423
15,aws-me-south-1,495,4423
15,aws-me-south-1,547,4423
15,aws-me-south-1,507,4423
15,aws-me-south-1,498,4423
15,aws-me-south-1,499,4423
15,aws-me-south-1,229,4423
15,aws-me-south-1,513,4423
15,aws-me-south-1,207,4423
15,aws-me-south-1,551,4423
15,aws-me-south-1,537,4423
15,aws-me-south-1,514,4423
15,aws-me-south-1,494,4423
15,aws-me-south-1,787,4423
15,aws-me-south-1,495,4423
15,aws-me-south-1,208,4423
15,aws-me-south-1,565,4423
15,aws-me-south-1,547,4423
15,aws-me-south-1,519,4423
15,aws-me-south-1,509,4423
15,aws-me-south-1,504,4423
15,aws-me-south-1,207,4423
15,aws-me-south-1,212,4423
15,aws-me-south-1,500,4423
15,aws-me-south-1,518,4423
15,aws-me-south-1,582,4423
15,aws-me-south-1,501,4423
15,aws-me-south-1,515,4423
15,aws-me-south-1,506,4423
15,aws-me-south-1,501,4423
15,aws-me-south-1,518,4423
15,aws-me-south-1,225,4423
16,aws-ap-east-1,698,9402
16,aws-ap-east-1,888,9402
16,aws-ap-east-1,659,9402
16,aws-ap-east-1,996,9402
16,aws-ap-east-1,664,9402
16,aws-ap-east-1,693,9402
16,aws-ap-east-1,659,9402
16,aws-ap-east-1,692,9402
16,aws-ap-east-1,639,9402
16,aws-ap-east-1,773,9402
16,aws-ap-east-1,656,9402
16,aws-ap-east-1,645,9402
16,aws-ap-east-1,792,9402
16,aws-ap-east-1,837,9402
16,aws-ap-east-1,756,9402
16,aws-ap-east-1,674,9402
16,aws-ap-east-1,247,9402
16,aws-ap-east-1,641,9402
16,aws-ap-east-1,656,9402
16,aws-ap-east-1,654,9402
16,aws-ap-east-1,640,9402
16,aws-ap-east-1,635,9402
16,aws-ap-east-1,669,9402
16,aws-ap-east-1,648,9402
16,aws-ap-east-1,649,9402
16,aws-ap-east-1,639,9402
16,aws-ap-east-1,692,9402
16,aws-ap-east-1,246,9402
16,aws-ap-east-1,647,9402
16,aws-ap-east-1,658,9402
16,aws-ap-east-1,971,9402
16,aws-ap-east-1,268,9402
16,aws-ap-east-1,648,9402
16,aws-ap-east-1,644,9402
16,aws-ap-east-1,671,9402
16,aws-ap-east-1,782,9402
16,aws-ap-east-1,688,9402
16,aws-ap-east-1,653,9402
16,aws-ap-east-1,251,9402
16,aws-ap-east-1,673,9402
16,aws-ap-east-1,679,9402
16,aws-ap-east-1,662,9402
16,aws-ap-east-1,645,9402
16,aws-ap-east-1,647,9402
16,aws-ap-east-1,639,9402
16,aws-ap-east-1,683,9402
16,aws-ap-east-1,649,9402
16,aws-ap-east-1,683,9402
16,aws-ap-east-1,641,9402
16,aws-ap-east-1,647,9402
16,aws-ap-east-1,671,9402
16,aws-ap-east-1,691,9402
16,aws-ap-east-1,656,9402
16,aws-ap-east-1,646,9402
16,aws-ap-east-1,648,9402
16,aws-ap-east-1,641,9402
16,aws-ap-east-1,646,9402
16,aws-ap-east-1,704,9402
16,aws-ap-east-1,1059,9402
16,aws-ap-east-1,1280,9402
16,aws-ap-east-1,652,9402
16,aws-ap-east-1,261,9402
16,aws-ap-east-1,255,9402
16,aws-ap-east-1,718,9402
16,aws-ap-east-1,659,9402
16,aws-ap-east-1,666,9402
16,aws-ap-east-1,261,9402
16,aws-ap-east-1,657,9402
16,aws-ap-east-1,264,9402
16,aws-ap-east-1,277,9402
16,aws-ap-east-1,736,9402
16,aws-ap-east-1,664,9402
16,aws-ap-east-1,681,9402
16,aws-ap-east-1,658,9402
16,aws-ap-east-1,668,9402
16,aws-ap-east-1,656,9402
16,aws-ap-east-1,662,9402
16,aws-ap-east-1,658,9402
16,aws-ap-east-1,670,9402
16,aws-ap-east-1,657,9402
16,aws-ap-east-1,661,9402
16,aws-ap-east-1,678,9402
16,aws-ap-east-1,645,9402
16,aws-ap-east-1,650,9402
16,aws-ap-east-1,686,9402
16,aws-ap-east-1,660,9402
16,aws-ap-east-1,663,9402
16,aws-ap-east-1,654,9402
16,aws-ap-east-1,280,9402
16,aws-ap-east-1,676,9402
16,aws-ap-east-1,269,9402
16,aws-ap-east-1,265,9402
16,aws-ap-east-1,694,9402
16,aws-ap-east-1,678,9402
16,aws-ap-east-1,668,9402
16,aws-ap-east-1,686,9402
16,aws-ap-east-1,673,9402
16,aws-ap-east-1,665,9402
16,aws-ap-east-1,651,9402
16,aws-ap-east-1,657,9402